{
    "rmse": 0.8049674490728419,
    "mae": 0.6599681186686313,
    "r2_score": 0.008467047737649391
}